datetime,open,high,low,close,volume,Change
2020-04-01,31309,31811,30106,30207,794295,-0.032168145846015794
2020-04-02,30507,31511,29905,31512,1043790,0.04320190684278469
2020-04-03,31811,31911,31110,31612,545749,0.003173394262503182
2020-04-06,31813,32315,31612,32215,807805,0.019075034796912638
2020-04-07,32815,33015,31812,32114,920798,-0.003135185472605939
2020-04-08,31913,32215,31713,31713,738303,-0.012486765896493779
2020-04-09,32315,32315,31612,31713,726920,0.0
2020-04-10,31813,32415,31512,32315,753323,0.018982751552990784
2020-04-13,32313,32313,31511,31612,470251,-0.021754603125483496
2020-04-14,32014,32215,31713,32014,430759,0.012716689864608277
2020-04-16,31912,33517,31812,33218,1005533,0.037608546261010734
2020-04-17,33921,34623,33620,34523,947794,0.03928592931543129
2020-04-20,34623,35928,34523,35125,859303,0.017437650262144055
2020-04-21,35424,35625,33819,35225,1232126,0.002846975088967918
2020-04-22,34923,35525,34421,35526,686146,0.008545067423704644
2020-04-23,36429,37431,36228,37232,1509799,0.04802116759556374
2020-04-24,37032,37835,36530,36731,1073684,-0.013456166738289643
2020-04-27,36730,37532,36429,36931,721963,0.005444991968636792
2020-04-28,37230,37431,36429,37132,668638,0.005442582112588301
2020-04-29,36930,37431,36629,36931,659512,-0.0054131207583755225
2020-05-04,36429,38134,36128,37433,1019409,0.013592916519996834
2020-05-06,37935,40143,37734,40043,2035947,0.06972457457323755
2020-05-07,40042,41646,39841,41347,2629709,0.032564992632919676
2020-05-08,41446,42148,40945,41347,1405404,0.0
2020-05-11,41547,42449,41447,41648,1048413,0.007279851017002459
2020-05-12,41948,43453,41346,43053,1563095,0.03373511333077217
2020-05-13,42451,43455,42451,43455,1113608,0.00933732840917001
2020-05-14,43354,45763,42953,45161,1459813,0.03925900356690826
2020-05-15,45861,46463,43353,44458,1524083,-0.015566528641969835
2020-05-18,44458,45261,43856,44358,744533,-0.0022493139592424383
2020-05-19,44456,44657,42952,44157,1308903,-0.004531313404571913
2020-05-20,44859,47066,44558,46465,1773960,0.05226804357180059
2020-05-21,47669,48172,47067,47670,1408737,0.02593349833207781
2020-05-22,47670,49878,47168,49577,1887064,0.040004195510803475
2020-05-25,50379,54193,49978,53792,2653776,0.0850192629646811
2020-05-26,54894,56098,52386,54193,3274293,0.007454640095181375
2020-05-27,52585,53589,51583,52286,2015974,-0.03518904655582822
2020-05-28,51683,54193,50681,53591,2495048,0.024958880006120232
2020-05-29,52887,53689,51683,52888,1645822,-0.013117874269933383
2020-06-01,52888,53390,52086,52989,1083698,0.0019096959612767694
2020-06-02,52688,52788,51584,52086,978846,-0.017041272716978972
2020-06-03,52084,52485,49676,50078,2302391,-0.03855162615674079
2020-06-04,49677,51584,49577,50982,1228950,0.01805183913095565
2020-06-05,50779,50879,49676,50379,1007264,-0.01182770389549248
2020-06-08,50680,51782,49877,51483,1417078,0.021913892693384174
2020-06-09,51283,52086,50681,51082,834862,-0.00778897888623431
2020-06-10,51482,52886,51482,52587,1575452,0.02946243295094164
2020-06-11,52988,53790,52386,53189,1724551,0.011447696198680246
2020-06-12,51482,53790,51382,53390,1688975,0.0037789768561169446
2020-06-15,53390,54394,50179,50681,1549230,-0.05073983892114631
2020-06-16,52285,52787,51783,52788,915456,0.04157376531639079
2020-06-17,52486,53790,51783,52788,1162204,0.0
2020-06-18,53088,53589,52285,52888,981144,0.0018943699325604246
2020-06-19,53689,54091,52586,52888,920126,0.0
2020-06-22,52888,55397,52286,54996,2008656,0.039857812736348475
2020-06-23,55999,58005,55597,56501,2166267,0.027365626591024705
2020-06-24,56500,57001,55196,56702,1081233,0.003557459160014931
2020-06-25,55897,56600,54895,55096,900258,-0.028323515925364195
2020-06-26,56098,56198,53791,55096,812726,0.0
2020-06-29,53990,54894,53389,53691,778818,-0.025500943807172938
2020-06-30,54592,54793,53690,53691,624089,0.0
2020-07-01,54494,55197,53691,54093,578023,0.007487288372352907
2020-07-02,54895,57303,54794,57304,1378545,0.05936073059360725
2020-07-03,58106,59610,57002,59010,1604493,0.029771045651263428
2020-07-06,59813,61720,59612,60315,1344851,0.022114895780376287
2020-07-07,61518,63825,61016,62322,1552820,0.03327530465058448
2020-07-08,62623,65835,61218,65835,1869663,0.056368537595070656
2020-07-09,67239,71353,66636,71354,2463503,0.08383078909394692
2020-07-10,70450,73861,69346,71354,2566935,0.0
2020-07-13,72057,72458,69247,70652,1391744,-0.009838271155085954
2020-07-14,68343,69546,68242,68845,1212519,-0.025576062956462642
2020-07-15,69044,70148,66636,67741,1487417,-0.01603602295010531
2020-07-16,66635,67338,64027,64630,1941508,-0.04592491991556069
2020-07-17,64027,65632,63024,65232,1268587,0.009314559801949507
2020-07-20,65232,65232,62222,62222,1534422,-0.046142997301937716
2020-07-21,64929,65431,62522,63426,1676630,0.019350069107389567
2020-07-22,62321,64528,61418,63827,1159298,0.006322328382682096
2020-07-23,63526,66136,63225,66136,1260435,0.03617591301486822
2020-07-24,65231,66836,64629,65132,907643,-0.015180839482278885
2020-07-27,64430,66136,64329,65534,603322,0.006172081311797584
2020-07-28,66638,67440,65935,66136,873063,0.009186071352275116
2020-07-29,66034,66837,65231,66537,618435,0.0060632635780815125
2020-07-30,67438,67639,66536,66637,615872,0.0015029231855960834
2020-07-31,67440,69046,67340,68946,1078837,0.03465041943664926
2020-08-03,69749,73462,69648,73462,1636803,0.06550053665187239
2020-08-04,75971,77075,72458,74265,1714642,0.010930821377038491
2020-08-05,73461,74464,72758,74365,1075879,0.0013465293206760265
2020-08-06,71955,74765,71755,73060,1848898,-0.017548577960061817
2020-08-07,73863,74265,70351,70853,1899111,-0.03020804817957845
2020-08-10,69448,71956,68544,71455,1086391,0.008496464511029922
2020-08-11,70550,71653,69748,70752,750285,-0.009838359806871422
2020-08-12,69948,71553,69748,71053,729434,0.004254296698326554
2020-08-13,72057,73261,71555,72358,1117859,0.018366571432592682
2020-08-14,72457,73460,71855,72759,825802,0.005541888941098527
2020-08-18,74565,78177,73762,75870,3032037,0.04275759699830939
2020-08-19,77173,77273,74665,75569,1359266,-0.003967312508237786
2020-08-20,75469,76874,72157,73161,1686740,-0.03186491815426962
2020-08-21,74265,74967,72659,74265,1021460,0.015090006970927217
2020-08-24,75168,76774,73763,76272,969648,0.027024843465966564
2020-08-25,77175,77275,75670,76473,887733,0.002635305223410933
2020-08-26,76372,79082,75870,78681,1351029,0.028872935545878997
2020-08-27,79584,82896,79483,82394,1981840,0.047190554263418116
2020-08-28,82994,83496,80285,81390,1506996,-0.012185353302424984
2020-08-31,82392,84399,80486,81691,1629751,0.003698243027398851
2020-09-01,82994,83496,80285,80587,1100736,-0.013514340625038201
2020-09-02,81390,82795,80587,82695,921655,0.026158065196619784
2020-09-03,83395,83496,81088,82293,739215,-0.004861237076002167
2020-09-04,78279,81189,78179,80688,1168529,-0.019503481462578853
2020-09-07,80587,80587,78480,78681,928939,-0.024873587150505694
2020-09-08,78980,79983,76371,78279,1020539,-0.005109238570938368
2020-09-09,76573,77878,76071,77075,935573,-0.015380881206964792
2020-09-10,78681,79584,77075,77376,936708,0.0039052870580602583
2020-09-11,76671,77073,75368,76071,792840,-0.016865694789081842
2020-09-14,75668,75868,74063,74967,830231,-0.014512757818353927
2020-09-15,74465,77275,74064,76473,860038,0.02008883908919934
2020-09-16,77075,77175,75670,75670,485743,-0.010500438063107187
2020-09-17,74965,75066,74063,74465,617702,-0.015924408616360464
2020-09-18,74064,75670,73462,74867,495271,0.005398509366816517
2020-09-21,74566,75068,73060,73161,530255,-0.022787075747659147
2020-09-22,72458,74064,70451,70853,880318,-0.03154686239936577
2020-09-23,71956,73663,70853,73362,930394,0.035411344614906914
2020-09-24,72458,72559,70451,70652,763638,-0.0369401052315913
2020-09-25,71453,71854,69547,70551,449701,-0.0014295419804110088
2020-09-28,71554,74664,71052,74064,674705,0.04979376621167675
2020-09-29,75168,75268,73060,73161,612054,-0.012192158133506159
2020-10-05,72357,74364,71855,74365,522228,0.016456855428438555
2020-10-06,74967,76974,74265,76573,765339,0.02969138707725416
2020-10-07,75869,76572,75468,76372,398285,-0.0026249461298368804
2020-10-08,76972,77675,76070,76071,624658,-0.003941235007594357
2020-10-12,76874,76874,74465,74566,471624,-0.019784149018679864
2020-10-13,75066,75668,74565,74666,302317,0.0013410937961000347
2020-10-14,74265,75268,73462,73964,333008,-0.009401869659550477
2020-10-15,73861,73962,72257,72659,422566,-0.017643718565788724
2020-10-16,72458,72659,71254,71756,400405,-0.01242791670680854
2020-10-19,71856,72759,70652,70853,362402,-0.012584313506884492
2020-10-20,69848,70852,68242,70752,759973,-0.0014254865707874487
2020-10-21,70451,72458,70451,70953,516282,0.0028409090909091717
2020-10-22,70551,70652,69347,70050,376380,-0.012726734598959899
2020-10-23,69947,70248,68242,68243,622592,-0.025795860099928625
2020-10-26,67641,68444,65835,66136,714722,-0.03087496153451641
2020-10-27,65132,68946,65132,67039,812610,0.0136536833192209
2020-10-28,67340,69548,67240,69548,629567,0.03742597592446195
2020-10-29,68644,69345,67941,68845,491546,-0.010108126761373404
2020-10-30,68843,69044,66235,66236,553748,-0.03789672452610937
2020-11-02,66335,67339,65834,67139,319856,0.013633069629808592
2020-11-03,67139,68043,66637,67541,403786,0.005987578009800654
2020-11-04,68343,72457,68242,72157,1431026,0.06834367273211828
2020-11-05,72057,73964,70853,72860,1061367,0.009742644511274046
2020-11-06,73662,76370,73361,74365,1315572,0.02065605270381554
2020-11-09,75268,75469,73763,74566,593735,0.002702884421434737
2020-11-10,71756,72559,71053,71455,1105100,-0.04172142799667411
2020-11-11,70550,71954,69748,71354,713843,-0.0014134770135050267
2020-11-12,72258,73161,71254,71756,555279,0.005633881772570515
2020-11-13,71254,73462,71254,73362,538206,0.02238140364568819
2020-11-16,74463,74564,72156,72659,557987,-0.009582617703988494
2020-11-17,71855,73259,71454,72659,452275,0.0
2020-11-18,72258,73964,72157,73362,484493,0.009675332718589669
2020-11-19,73763,74566,73362,73362,430120,0.0
2020-11-20,73562,73863,72659,73362,267266,0.0
2020-11-23,73964,74064,73261,73663,363196,0.0041029415773834454
2020-11-24,73562,75670,73562,74867,649755,0.016344704940064902
2020-11-25,75770,75770,73462,73663,703279,-0.016081851817222548
2020-11-26,73763,75168,73562,75068,539570,0.01907334754218537
2020-11-27,75369,75770,74465,74867,335836,-0.002677572334416789
2020-11-30,74865,75066,73862,73863,544990,-0.013410447860873309
2020-12-01,74164,75268,74064,75168,452723,0.0176678445229681
2020-12-02,75369,75369,74465,74867,440500,-0.004004363558961277
2020-12-03,74867,75068,74064,75068,464371,0.0026847609761309066
2020-12-04,75068,78781,74465,78179,1561745,0.041442425534182314
2020-12-07,79281,79281,76371,77275,894743,-0.011563207510968398
2020-12-08,77777,77878,75068,75168,768600,-0.02726625687479778
2020-12-09,75267,75868,74866,75268,579905,0.0013303533418476121
2020-12-10,74464,75868,73762,74365,818557,-0.011997130254557065
2020-12-11,75068,76272,74867,75168,438405,0.01079809049956304
2020-12-14,75567,76471,74766,74967,480288,-0.002674010217113665
2020-12-15,74965,75367,74063,74465,393157,-0.006696279696399743
2020-12-16,74966,75266,74464,74666,269253,0.0026992546834083697
2020-12-17,75066,75066,73963,74064,455131,-0.008062571987249911
2020-12-18,74064,74164,73362,73663,427433,-0.005414236336141687
2020-12-21,73663,76272,73663,76172,819879,0.03406051884935457
2020-12-22,76270,78177,75368,75469,876516,-0.009229113059917027
2020-12-23,76471,77374,75669,75770,629952,0.003988392585034806
2020-12-24,75971,76272,74666,75068,465132,-0.009264880559588184
2020-12-28,75168,75670,74164,74867,646464,-0.002677572334416789
2020-12-29,76472,77375,75869,77175,857404,0.03082800165627053
2020-12-30,77175,79082,76974,78179,813142,0.01300939423388403
2021-01-04,78680,79583,77375,79483,853740,0.016679671011397
2021-01-05,78880,79381,77676,78881,748559,-0.007573946630097028
2021-01-06,79282,82291,79181,79383,1435715,0.006364016683358509
2021-01-07,80687,80987,78880,80788,775191,0.017699003564995097
2021-01-08,82896,87512,81189,87111,2466715,0.07826657424369965
2021-01-11,88515,92929,86106,90924,3157747,0.04377173950476987
2021-01-12,89518,92327,86909,91827,1577872,0.009931371255114119
2021-01-13,92026,92729,90221,91225,806402,-0.006555806026549926
2021-01-14,91123,92929,90321,90623,802076,-0.006599068237873373
2021-01-15,90722,92127,87611,87813,995726,-0.031007580856956873
2021-01-18,87010,88616,85706,85806,839984,-0.022855385876806356
2021-01-19,85906,89218,85906,88315,583997,0.02924037946064373
2021-01-20,89921,90322,87713,89118,596340,0.00909245315065399
2021-01-21,90824,92530,90724,91125,679093,0.022520702888305433
2021-01-22,91525,95539,90823,92931,1162395,0.019818930041152205
2021-01-25,94738,95440,92329,95039,720170,0.022683496357512656
2021-01-26,96143,96143,92430,92530,812266,-0.026399688548911504
2021-01-27,92931,95741,92530,93333,719814,0.008678266508159505
2021-01-28,91125,94035,90724,91928,921812,-0.015053625191518538
2021-01-29,92329,92430,87512,88516,1070093,-0.037116003829083644
2021-02-01,87512,88917,85304,88616,910101,0.0011297392561797626
2021-02-02,90322,91727,89017,89419,662905,0.00906156901688182
2021-02-03,90422,92730,89720,92731,758097,0.03703910801954846
2021-02-04,92929,92929,90120,91225,516837,-0.016240523665225215
2021-02-05,91727,92530,89820,91326,408416,0.0011071526445600721
2021-02-08,91325,92729,90321,91727,516115,0.004390863499988962
2021-02-09,92329,93835,90824,92530,735565,0.008754238119637714
2021-02-10,93533,98449,93533,98250,1814483,0.0618177888252458
2021-02-15,100156,101360,98751,100759,1052548,0.025536895674300286
2021-02-16,101161,104172,100258,103168,1076048,0.023908534225230538
2021-02-17,103367,103367,100959,102164,562572,-0.009731699751861056
2021-02-18,101562,103770,100559,100559,466922,-0.01571003484593403
2021-02-19,99756,101562,98351,101161,695664,0.005986535267852755
2021-02-22,101360,102363,98350,98451,640993,-0.026788979942863334
2021-02-23,96645,98852,95741,97749,665417,-0.0071304506810494495
2021-02-24,97749,98853,94838,95039,667209,-0.02772406878842748
2021-02-25,95942,97247,95039,97247,562549,0.023232567682740735
2021-02-26,99854,100757,96443,97949,1617276,0.007218731683239499
2021-03-02,100157,101161,98351,98652,922034,0.007177204463547415
2021-03-03,98450,99353,97948,99053,528321,0.0040647934152373555
2021-03-04,97847,98349,96543,96745,694890,-0.023300657223910393
2021-03-05,94135,95137,92930,94537,712633,-0.022822884903612617
2021-03-08,94738,95240,91125,91125,681524,-0.036091688968340474
2021-03-09,90021,90623,87211,88516,1068670,-0.028631001371742126
2021-03-10,90823,93230,90120,92329,899669,0.043076957838130925
2021-03-11,92430,97247,91727,96143,928091,0.04130879788582131
2021-03-12,98148,98349,95740,96544,435063,0.004170870474189403
2021-03-15,96344,96745,94738,96143,345981,-0.004153546569439892
2021-03-16,96544,97347,95942,96143,270853,0.0
2021-03-17,96142,98549,95941,97347,403953,0.012523012595820893
2021-03-18,98049,101159,97547,99956,771697,0.02680103136203482
2021-03-19,98050,99755,97146,98853,516981,-0.01103485533634796
2021-03-22,98953,99654,97949,99154,315035,0.0030449252931119553
2021-03-23,99553,100958,97447,98451,379964,-0.007089981241301446
2021-03-24,97647,98751,96744,98752,288563,0.003057358482900119
2021-03-25,98349,98549,96744,97347,388531,-0.014227559948152946
2021-03-26,97948,99353,97547,99354,384547,0.020616968165428906
2021-03-29,99555,99655,97347,97849,349113,-0.015147855144231781
2021-03-30,98350,99754,98249,99053,311073,0.012304673527578247
2021-03-31,99153,101360,98550,99956,503036,0.009116331660828036
2021-04-01,100357,101159,98751,100157,412423,0.0020108847893072213
2021-04-02,101964,101964,100157,100559,298641,0.004013698493365414
2021-04-05,100959,101360,100357,100759,310400,0.00198888214878834
2021-04-06,101561,109389,101361,109189,1724958,0.08366498278069456
2021-04-07,109188,109188,105576,108788,820896,-0.0036725311157717044
2021-04-08,108185,112600,107181,109992,912514,0.011067397139390422
2021-04-09,111197,112602,110594,112000,788839,0.01825587315441113
2021-04-12,0,0,0,112000,0,0.0
2021-04-13,0,0,0,112000,0,0.0
2021-04-14,0,0,0,112000,0,0.0
2021-04-15,120500,132500,118000,120500,17115015,0.0758928571428572
2021-04-16,115500,120500,115500,119000,13709555,-0.012448132780082943
2021-04-19,119999,122000,117500,119000,5441693,0.0
2021-04-20,119000,120999,118000,119500,2952174,0.004201680672268893
2021-04-21,119500,119500,117000,118000,4461636,-0.012552301255230103
2021-04-22,118000,119500,117500,117500,2279180,-0.004237288135593209
2021-04-23,116500,118500,114500,117500,2473720,0.0
2021-04-26,118000,118000,117500,118000,1729458,0.004255319148936065
2021-04-27,118500,124500,118500,121500,5332544,0.029661016949152463
2021-04-28,121500,122000,119000,119500,2276272,-0.016460905349794275
2021-04-29,120000,120500,115500,117000,3445462,-0.02092050209205021
2021-04-30,117000,117000,113000,113500,4405688,-0.02991452991452992
2021-05-03,112500,116000,110000,114500,2832622,0.008810572687224738
2021-05-04,113500,116000,112000,115500,2228466,0.008733624454148492
2021-05-06,115000,117500,113500,115000,3234424,-0.0043290043290042934
2021-05-07,115500,117000,114000,114500,2040844,-0.004347826086956497
2021-05-10,115500,116500,114500,116000,1898994,0.013100436681222627
2021-05-11,115000,117000,114500,114500,1875600,-0.012931034482758674
2021-05-12,115000,115500,112000,113000,2558482,-0.013100436681222738
2021-05-13,109000,111000,108000,109500,4201490,-0.030973451327433676
2021-05-14,109500,111500,108000,109000,2276082,-0.004566210045662156
2021-05-17,109000,111000,109000,110500,1656454,0.013761467889908285
2021-05-18,111500,114500,111000,113000,1585701,0.02262443438914019
2021-05-20,112500,115500,112000,113500,2135101,0.004424778761061843
2021-05-21,116000,119000,114500,117000,3018548,0.03083700440528636
2021-05-24,116500,118000,115500,116500,1715308,-0.004273504273504258
2021-05-25,117000,118000,116000,118000,1777001,0.012875536480686733
2021-05-26,118500,120000,117500,119500,2308405,0.012711864406779627
2021-05-27,120000,125000,119500,125000,7398732,0.046025104602510414
2021-05-28,125000,125500,120500,122000,3685820,-0.02400000000000002
2021-05-31,122000,123000,120500,123000,2299358,0.008196721311475308
2021-06-01,123500,127000,123000,127000,3573808,0.03252032520325199
2021-06-02,128000,129500,126000,127000,2597446,0.0
2021-06-03,127500,128500,126000,126500,1737466,-0.003937007874015741
2021-06-04,126000,126000,123000,124000,2668254,-0.01976284584980237
2021-06-07,125000,127000,125000,126000,1905198,0.016129032258064502
2021-06-08,127000,128500,126500,128500,2248373,0.01984126984126977
2021-06-09,128500,130000,128500,129000,1936747,0.0038910505836575737
2021-06-10,130000,135000,129500,133500,5564011,0.03488372093023262
2021-06-11,134500,136500,132000,135500,3674400,0.014981273408239737
2021-06-14,136000,143000,136000,142500,6240394,0.05166051660516602
2021-06-15,143500,144500,140500,144500,4950329,0.01403508771929829
2021-06-16,144000,146000,142500,143000,4996272,-0.01038062283737029
2021-06-17,142000,149500,140500,148000,5408889,0.034965034965035
2021-06-18,150000,157500,149500,155000,7706345,0.04729729729729737
2021-06-21,155500,159500,152000,155000,8324948,0.0
2021-06-22,158000,159000,155500,159000,4662042,0.02580645161290329
2021-06-23,162500,170000,161000,169500,9078797,0.0660377358490567
2021-06-24,172000,173000,155500,157000,18408195,-0.07374631268436582
2021-06-25,155000,159500,150500,154500,12271446,-0.015923566878980888
2021-06-28,154500,157500,154000,155000,5141409,0.003236245954692629
2021-06-29,156000,158000,154500,158000,3938542,0.019354838709677358
2021-06-30,159000,165000,157500,163000,7305590,0.03164556962025311
2021-07-01,164000,165500,159500,160000,4630280,-0.018404907975460127
2021-07-02,158500,161500,156000,159500,4407703,-0.0031250000000000444
2021-07-05,160500,162000,156500,157000,4506967,-0.01567398119122254
2021-07-06,157500,159000,157000,157500,2045164,0.0031847133757962887
2021-07-07,158500,163500,158500,161000,4413394,0.022222222222222143
2021-07-08,161500,164500,161000,163000,4121257,0.012422360248447228
2021-07-09,161500,162000,158500,160500,3795528,-0.015337423312883458
2021-07-12,161000,162500,158000,162000,3248064,0.009345794392523255
2021-07-13,162500,163500,160500,161000,3859736,-0.006172839506172867
2021-07-14,161500,164500,161000,162000,3352019,0.006211180124223503
2021-07-15,162000,162000,158500,159500,3821843,-0.015432098765432056
2021-07-16,158500,159500,157000,157000,3423188,-0.01567398119122254
2021-07-19,155500,155500,154000,154000,3475792,-0.019108280254777066
2021-07-20,151500,153000,149000,152000,6652856,-0.012987012987012991
2021-07-21,153000,155500,144500,145000,10409836,-0.046052631578947345
2021-07-22,144500,148000,142500,147500,5759268,0.01724137931034475
2021-07-23,148500,153500,147500,149500,5249906,0.013559322033898313
2021-07-26,151500,153000,146500,147500,4071898,-0.013377926421404673
2021-07-27,147500,149000,145500,148000,3357695,0.003389830508474523
2021-07-28,147000,149500,146500,148000,2716816,0.0
2021-07-29,148500,149000,147500,148500,1766172,0.0033783783783782884
2021-07-30,149000,149500,147000,147000,2057332,-0.010101010101010055
2021-08-02,147000,148500,145000,146000,2172117,-0.006802721088435382
2021-08-03,146000,146500,143000,144000,2697098,-0.013698630136986356
2021-08-04,144500,150000,144000,149500,3136752,0.03819444444444442
2021-08-05,150000,151500,148500,149000,2254087,-0.0033444816053511683
2021-08-06,149500,149500,145000,145500,4155669,-0.023489932885906062
2021-08-09,145500,149000,144000,148000,3017396,0.01718213058419238
2021-08-10,148000,148500,144500,146500,2074409,-0.010135135135135087
2021-08-11,145500,147500,144000,144000,1754472,-0.017064846416382284
2021-08-12,146000,148000,144000,147500,2950088,0.02430555555555558
2021-08-13,147500,147500,144500,146000,2285992,-0.01016949152542368
2021-08-17,146000,147500,141000,142000,3322347,-0.0273972602739726
2021-08-18,142000,146500,141500,145500,2720552,0.02464788732394374
2021-08-19,144000,149000,144000,146500,2813914,0.0068728522336769515
2021-08-20,146500,149000,143000,144000,2776813,-0.017064846416382284
2021-08-23,146000,148500,144500,148500,2678395,0.03125
2021-08-24,150000,150500,148000,149000,2032632,0.0033670033670034627
2021-08-25,149000,153500,148500,151000,2900928,0.01342281879194629
2021-08-26,151500,152500,147500,149500,2360164,-0.009933774834437137
2021-08-27,149000,150000,147000,150000,1430634,0.0033444816053511683
2021-08-30,152000,153000,150500,151500,1628144,0.010000000000000009
2021-08-31,152500,155000,151000,155000,3078357,0.02310231023102305
2021-09-01,155000,156000,154000,154000,2011434,-0.006451612903225823
2021-09-02,154500,156000,153500,155000,1649156,0.006493506493506551
2021-09-03,155500,157500,154500,156500,1934669,0.00967741935483879
2021-09-06,156000,156500,152500,155500,1883428,-0.006389776357827448
2021-09-07,155500,156000,153500,154000,1072249,-0.009646302250803873
2021-09-08,151500,151500,136500,138500,16920382,-0.10064935064935066
2021-09-09,134000,134500,128000,128500,14534253,-0.07220216606498198
2021-09-10,127000,133500,126000,130000,9918050,0.011673151750972721
2021-09-13,126500,130000,122500,124500,8675498,-0.04230769230769227
2021-09-14,122500,126000,118000,124000,18895148,-0.004016064257028162
2021-09-15,123500,127500,122000,122500,9078817,-0.012096774193548376
2021-09-16,123000,125000,121000,121500,4770936,-0.008163265306122436
2021-09-17,121500,121500,118000,119500,4807631,-0.016460905349794275
2021-09-23,116500,118000,114000,115000,6314773,-0.03765690376569042
2021-09-24,116000,121000,116000,119500,5327603,0.03913043478260869
2021-09-27,120000,122500,119500,120000,3635942,0.004184100418409997
2021-09-28,120500,121500,117500,117500,3445583,-0.02083333333333337
2021-09-29,115000,117500,114500,116500,3172350,-0.008510638297872353
2021-09-30,115000,120500,114500,118000,4649917,0.012875536480686733
2021-10-01,118000,120000,116000,116500,2329103,-0.012711864406779627
2021-10-05,114500,116000,110500,111000,4885065,-0.047210300429184504
2021-10-06,112500,116000,112000,113000,4610915,0.018018018018018056
2021-10-07,115000,119500,115000,119500,5146917,0.05752212389380529
2021-10-08,121500,121500,117500,117500,3930836,-0.01673640167364021
2021-10-12,117000,118500,113000,113500,3810466,-0.03404255319148941
2021-10-13,114000,118500,114000,117000,2731883,0.03083700440528636
2021-10-14,118500,122000,118500,121500,3891958,0.03846153846153855
2021-10-15,123000,123500,120000,122000,2331425,0.004115226337448652
2021-10-18,123000,123000,120500,121500,1831322,-0.004098360655737654
2021-10-19,123000,127500,121500,127500,4075027,0.04938271604938271
2021-10-20,129500,130500,127000,128000,4959740,0.0039215686274509665
2021-10-21,128500,130000,127500,128000,2297507,0.0
2021-10-22,128000,129500,125500,127500,1985417,-0.00390625
2021-10-25,126500,127500,123500,126000,2309608,-0.0117647058823529
2021-10-26,126000,128000,126000,127500,1265299,0.011904761904761862
2021-10-27,128000,129000,126500,128500,1449071,0.007843137254901933
2021-10-28,129000,130000,125000,125500,1783396,-0.023346303501945553
2021-10-29,125500,126500,123000,125500,1891355,0.0
2021-11-01,126000,127000,125000,125500,1081519,0.0
2021-11-02,126000,128500,126000,128000,1642378,0.019920318725099584
2021-11-03,128000,128500,123500,124500,2937805,-0.02734375
2021-11-04,126000,130500,125500,130000,6001098,0.04417670682730934
2021-11-05,131000,131000,126500,128500,2810726,-0.011538461538461497
2021-11-08,128500,128500,123000,125000,4026899,-0.027237354085603127
2021-11-09,124500,127000,124500,125500,1990889,0.0040000000000000036
2021-11-10,125500,127500,123500,124000,1598893,-0.01195219123505975
2021-11-11,123000,125500,121500,125500,1955371,0.012096774193548487
2021-11-12,126000,128000,124500,127000,2100660,0.01195219123505975
2021-11-15,127000,129500,127000,129000,1714170,0.015748031496062964
2021-11-16,129000,130000,127000,127500,1591390,-0.011627906976744207
2021-11-17,128000,129000,125000,125000,1675657,-0.019607843137254943
2021-11-18,125000,126000,123000,124500,1543924,-0.0040000000000000036
2021-11-19,125000,127500,124500,127000,1512294,0.02008032128514059
2021-11-22,127000,129000,125500,128500,2213290,0.011811023622047223
2021-11-23,127500,128000,124000,124500,1981200,-0.0311284046692607
2021-11-24,124500,125500,123500,124500,1589036,0.0
2021-11-25,125000,128500,124500,128000,2906344,0.028112449799196693
2021-11-26,127500,128500,125000,125500,1679040,-0.01953125
2021-11-29,123000,125500,122000,123000,2031484,-0.019920318725099584
2021-11-30,124000,124500,121500,122000,3807209,-0.008130081300813052
2021-12-01,121500,123500,121000,122500,1482581,0.004098360655737654
2021-12-02,121500,123000,120000,122500,2028101,0.0
2021-12-03,122000,124000,121500,123500,1488902,0.008163265306122547
2021-12-06,122500,122500,120500,121000,1477396,-0.020242914979757054
2021-12-07,121500,122000,120000,120500,1218740,-0.004132231404958664
2021-12-08,121500,123500,120500,121000,2288195,0.004149377593360981
2021-12-09,120500,122500,120000,122500,2338843,0.012396694214876103
2021-12-10,122000,122500,121000,122500,974383,0.0
2021-12-13,123000,123000,120000,120000,1405089,-0.020408163265306145
2021-12-14,118500,119000,117000,118500,1718411,-0.012499999999999956
2021-12-15,117500,119000,117000,118500,1070223,0.0
2021-12-16,119500,120500,118500,119500,1168717,0.00843881856540074
2021-12-17,118000,119000,117500,117500,1265074,-0.01673640167364021
2021-12-20,116500,117000,113000,113000,2989796,-0.03829787234042559
2021-12-21,112500,115000,112500,114500,1366889,0.01327433628318575
2021-12-22,115000,115500,113500,114500,1036505,0.0
2021-12-23,114500,115000,113000,113000,1113550,-0.013100436681222738
2021-12-24,113000,115000,112500,114500,1484508,0.01327433628318575
2021-12-27,114000,114500,113000,113000,1116701,-0.013100436681222738
2021-12-28,113000,114000,113000,113500,2370856,0.004424778761061843
2021-12-29,115500,117500,114000,114000,1791503,0.004405286343612369
2021-12-30,114000,114500,112500,112500,1223078,-0.013157894736842146
2022-01-03,113500,117000,113000,114500,1846049,0.01777777777777767
2022-01-04,114000,114500,111000,111500,2396207,-0.026200873362445365
2022-01-05,111000,111000,105000,105500,5108428,-0.053811659192825156
2022-01-06,102500,103000,99900,100000,7120428,-0.05213270142180093
2022-01-07,100000,101500,99800,100000,3962672,0.0
2022-01-10,100000,100500,95200,96600,5377749,-0.03400000000000003
2022-01-11,96000,97200,94500,95000,4382380,-0.0165631469979296
2022-01-12,96100,98600,96100,97200,3354459,0.023157894736842044
2022-01-13,97500,98200,96200,96700,2519096,-0.005144032921810648
2022-01-14,95200,95300,93600,93900,2685014,-0.028955532574974185
2022-01-17,92900,94300,92000,92900,2589273,-0.010649627263045747
2022-01-18,92900,94400,92000,92000,1650829,-0.009687836383207804
2022-01-19,88400,90400,87300,90400,4587643,-0.017391304347826098
2022-01-20,90800,92700,88800,92300,3004684,0.02101769911504414
2022-01-21,91100,94100,90600,91800,2954607,-0.005417118093174467
2022-01-24,90900,92100,89700,90000,2021697,-0.019607843137254943
2022-01-25,90300,90700,87500,87600,2844579,-0.026666666666666616
2022-01-26,87300,88600,86600,86900,2204197,-0.007990867579908634
2022-01-27,87000,87500,82600,82600,3793749,-0.04948216340621403
2022-01-28,82800,85600,82200,85000,2958280,0.029055690072639306
2022-02-03,87100,88300,85100,85100,3118696,0.0011764705882353343
2022-02-04,85100,87500,84500,87100,1870626,0.023501762632197387
2022-02-07,87300,88000,85000,88000,2224116,0.010332950631458004
2022-02-08,88000,89200,86000,86500,2030457,-0.017045454545454586
2022-02-09,86900,87300,85700,86100,1640629,-0.0046242774566473965
2022-02-10,86900,89400,86000,87300,3401352,0.013937282229965264
2022-02-11,87300,93600,85300,91700,7012496,0.05040091638029787
2022-02-14,90300,90800,87500,88800,4002853,-0.031624863685932425
2022-02-15,89200,91000,87900,88300,2250253,-0.005630630630630629
2022-02-16,90200,92100,89600,91900,2468864,0.040770101925254876
2022-02-17,91900,92100,89200,90600,2851978,-0.014145810663764968
2022-02-18,89200,92500,88700,91400,2232912,0.008830022075055233
2022-02-21,90100,94500,89900,93200,2855108,0.01969365426695835
2022-02-22,91700,93200,91200,91800,1904605,-0.015021459227467782
2022-02-23,92500,93800,91900,92600,1738804,0.008714596949890963
2022-02-24,91100,91800,89300,90000,2176721,-0.02807775377969768
2022-02-25,92100,95000,91800,94400,3690345,0.04888888888888898
2022-02-28,94100,94900,93100,94100,2175339,-0.0031779661016949623
2022-03-02,94400,95700,93900,95300,2173330,0.012752391073326264
2022-03-03,96100,97300,95300,96600,1738057,0.01364113326337879
2022-03-04,96200,96300,94500,94700,1539472,-0.019668737060041352
2022-03-07,93400,93500,91600,91600,1950179,-0.032734952481520585
2022-03-08,90000,94000,89600,92100,1774311,0.005458515283842891
2022-03-10,94400,100000,94300,100000,5742398,0.08577633007600438
2022-03-11,100000,102000,98400,101500,3160552,0.014999999999999902
2022-03-14,102500,105000,102000,103500,3656814,0.019704433497536922
2022-03-15,103500,104500,101000,103000,1778162,-0.004830917874396157
2022-03-16,105000,105500,102000,104000,1763654,0.009708737864077666
2022-03-17,106000,109000,105500,106500,3504355,0.024038461538461453
2022-03-18,107500,109000,106000,108500,2993197,0.018779342723004744
2022-03-21,108500,110000,104000,105000,3284518,-0.032258064516129004
2022-03-22,104500,108000,104500,106500,2052237,0.014285714285714235
2022-03-23,107500,108500,104500,106500,2310401,0.0
2022-03-24,105000,105500,103000,105000,2071398,-0.014084507042253502
2022-03-25,106000,107000,104000,105000,1944089,0.0
2022-03-28,105000,105500,102500,105000,1534357,0.0
2022-03-29,106000,106500,104500,105500,1318977,0.004761904761904745
2022-03-30,107000,108000,106000,106500,1115413,0.009478672985782088
2022-03-31,106000,107500,105500,106500,1065806,0.0
2022-04-01,105500,106500,105000,106000,1163804,-0.0046948356807511304
2022-04-04,105500,106000,104000,105500,1276251,-0.004716981132075526
2022-04-05,106500,108000,106000,107500,1617662,0.018957345971563955
2022-04-06,105500,106500,104000,105000,1529617,-0.023255813953488413
2022-04-07,103000,103500,99900,99900,2885845,-0.0485714285714286
2022-04-08,100000,100500,96500,98000,2929790,-0.019019019019019034
2022-04-11,97100,97100,94600,95100,2061220,-0.0295918367346939
2022-04-12,93400,95100,92100,94100,1909946,-0.01051524710830709
2022-04-13,95000,96200,94600,95800,1403239,0.018065887353878818
2022-04-14,96400,96500,94500,96100,1299995,0.0031315240083507057
2022-04-15,95000,96700,93700,95400,1080260,-0.007284079084287187
2022-04-18,94500,94900,94000,94400,774064,-0.010482180293501009
2022-04-19,95000,96500,94900,95100,836819,0.00741525423728806
2022-04-20,96100,96200,94600,95100,880905,0.0
2022-04-21,95100,95100,93100,93600,1809576,-0.01577287066246058
2022-04-22,92200,92400,91400,92000,1553904,-0.017094017094017144
2022-04-25,90400,91600,89600,89700,1511408,-0.025000000000000022
2022-04-26,89800,91700,89700,90200,1368258,0.00557413600891854
2022-04-27,87600,88900,87600,88400,1390581,-0.019955654101995512
2022-04-28,89700,89800,88100,89300,1216554,0.010180995475113086
2022-04-29,89300,90400,88700,89900,1110597,0.006718924972004547
2022-05-02,88400,88900,87000,87300,1726505,-0.028921023359288145
2022-05-03,87300,89200,87000,88500,1435047,0.013745704467353903
2022-05-04,88600,91900,88300,89000,1865993,0.005649717514124353
2022-05-06,86500,86600,84100,84300,3592237,-0.05280898876404494
2022-05-09,84000,85000,82800,84100,1533542,-0.0023724792408066353
2022-05-10,82000,84300,81900,83600,2390050,-0.005945303210463715
2022-05-11,83800,85400,83300,85400,1367542,0.021531100478468845
2022-05-12,83700,84000,80600,80700,2971934,-0.05503512880562056
2022-05-13,80700,81900,80300,81800,1528530,0.013630731102850069
2022-05-16,83300,84300,82100,82300,1598561,0.006112469437652868
2022-05-17,82300,83400,82100,83200,1218935,0.010935601458080146
2022-05-18,83700,84000,82500,82600,1208755,-0.007211538461538436
2022-05-19,80500,81000,80000,80400,1519533,-0.0266343825665859
2022-05-20,80800,83300,80400,83000,1561541,0.03233830845771135
2022-05-23,82700,83500,82400,82900,933750,-0.001204819277108471
2022-05-24,82500,82600,80600,80600,1154150,-0.027744270205066313
2022-05-25,81000,82000,80300,81800,1365261,0.014888337468982549
2022-05-26,81900,83300,81000,81500,1338305,-0.003667481662591676
2022-05-27,82400,83000,81500,81700,1038755,0.0024539877300613355
2022-05-30,82800,84000,82600,83900,2091429,0.02692778457772338
2022-05-31,84100,85000,82900,85000,2170810,0.013110846245530494
2022-06-02,84000,84200,82900,83700,1147185,-0.015294117647058791
2022-06-03,84800,87400,84700,85700,2371620,0.0238948626045401
2022-06-07,84500,84800,81600,81900,2373935,-0.04434072345390894
2022-06-08,82700,82800,81200,81500,1317967,-0.004884004884004867
2022-06-09,81100,81800,80300,81300,1732196,-0.0024539877300613355
2022-06-10,80400,81000,80000,80100,1430382,-0.014760147601476037
2022-06-13,77800,78200,76100,76500,2176053,-0.0449438202247191
2022-06-14,74900,76900,74200,76600,2342617,0.0013071895424836555
2022-06-15,76100,76500,72100,72700,2844798,-0.050913838120104415
2022-06-16,74400,75200,71900,72300,2053257,-0.005502063273727598
2022-06-17,70200,73000,70200,72200,3044377,-0.0013831258644536604
2022-06-20,72300,72900,68700,69600,2436471,-0.03601108033240996
2022-06-21,69600,70700,69200,70500,1525415,0.012931034482758674
2022-06-22,70900,71000,68500,68500,1908000,-0.028368794326241176
2022-06-23,68300,69300,66700,67100,2005224,-0.020437956204379604
2022-06-24,67400,71500,67400,71500,2331632,0.06557377049180335
2022-06-27,72400,72900,70600,71800,1470633,0.00419580419580412
2022-06-28,71600,72300,70600,71600,1082711,-0.0027855153203342198
2022-06-29,70100,71300,69700,70800,1185471,-0.011173184357541888
2022-06-30,70400,71100,69900,69900,1339031,-0.012711864406779627
2022-07-01,70000,70300,66600,67300,1817276,-0.03719599427753939
2022-07-04,67300,69000,66200,68100,1019171,0.011887072808320909
2022-07-05,68700,72500,68300,72000,2125688,0.05726872246696035
2022-07-06,71300,75000,71200,73500,2724220,0.02083333333333326
2022-07-07,74500,74900,72700,73000,1603464,-0.006802721088435382
2022-07-08,73900,73900,71800,71800,1418763,-0.016438356164383605
2022-07-11,71900,72800,71100,71300,979002,-0.0069637883008356605
2022-07-12,70700,71000,69400,70300,1082539,-0.014025245441795287
2022-07-13,70100,72200,70100,71900,1156844,0.022759601706970223
2022-07-14,71000,73400,70400,72100,1597400,0.0027816411682892728
2022-07-15,72100,72200,69400,70100,1605289,-0.0277392510402219
2022-07-18,71100,73200,70600,72800,1690739,0.03851640513552068
2022-07-19,72000,73200,71600,72800,949001,0.0
2022-07-20,74700,75600,73100,73400,1758524,0.008241758241758212
2022-07-21,73900,75000,73500,73700,1244024,0.004087193460490468
2022-07-22,73500,73600,71600,72100,1601677,-0.02170963364993217
2022-07-25,71600,73100,71400,73000,1038303,0.012482662968099856
2022-07-26,72600,72900,71800,72400,696076,-0.008219178082191747
2022-07-27,72500,72600,71200,71900,924477,-0.006906077348066253
2022-07-28,73000,74200,72100,72400,1226484,0.006954102920723182
2022-07-29,73200,75400,73200,74800,2164565,0.03314917127071815
2022-08-01,74800,75200,74000,74000,907903,-0.010695187165775444
2022-08-02,73800,73800,71600,71800,1786920,-0.02972972972972976
2022-08-03,71900,76100,71500,76000,2893725,0.058495821727019504
2022-08-04,77000,81700,76800,81700,5803458,0.07499999999999996
2022-08-05,82000,83100,80700,81200,2511627,-0.006119951040391647
2022-08-08,80600,82000,80100,82000,1674063,0.009852216748768461
2022-08-09,81800,83800,81500,83200,1541966,0.014634146341463428
2022-08-10,82300,82800,80300,80300,1428961,-0.034855769230769273
2022-08-11,82600,84300,82400,83700,1918391,0.04234122042341215
2022-08-12,83000,83200,81700,82500,1069578,-0.014336917562724039
2022-08-16,83000,83200,80500,80700,1798225,-0.021818181818181848
2022-08-17,80800,81200,79600,80100,1041971,-0.0074349442379182396
2022-08-18,79400,79600,77500,79200,1640906,-0.011235955056179803
2022-08-19,78300,78800,76400,76700,1804047,-0.031565656565656575
2022-08-22,75600,76300,74600,75000,1250643,-0.022164276401564487
2022-08-23,74800,75800,74200,74800,1327312,-0.002666666666666706
2022-08-24,74900,75500,74200,74900,936191,0.0013368983957218195
2022-08-25,75400,76800,75000,76100,1252757,0.01602136181575431
2022-08-26,76700,77200,75500,76000,993727,-0.0013140604467805073
2022-08-29,72800,73400,71800,72200,1632297,-0.050000000000000044
2022-08-30,72500,73500,72500,73200,802825,0.013850415512465464
2022-08-31,72300,73700,71800,73400,1348480,0.002732240437158362
2022-09-01,72300,72500,71200,71400,1275977,-0.027247956403269713
2022-09-02,72100,72200,70000,70200,1201760,-0.01680672268907568
2022-09-05,69800,70800,69400,70000,865940,-0.002849002849002802
2022-09-06,70000,70600,69500,69700,744418,-0.004285714285714337
2022-09-07,69100,69200,67000,67500,1793068,-0.031563845050215256
2022-09-08,68500,69200,67600,68000,1169203,0.007407407407407307
2022-09-13,69100,70800,69100,70000,2103796,0.02941176470588225
2022-09-14,67000,68500,66500,68100,1827706,-0.027142857142857135
2022-09-15,68600,69000,67400,67400,984996,-0.01027900146842875
2022-09-16,66700,67700,66300,66900,922538,-0.007418397626112738
2022-09-19,67100,67300,65400,65400,1132357,-0.022421524663677084
2022-09-20,66400,66600,65300,65300,854697,-0.001529051987767538
2022-09-21,64900,65300,63600,64000,1056852,-0.019908116385911168
2022-09-22,62700,62800,61100,61300,1743099,-0.042187500000000044
2022-09-23,61300,61800,60900,61000,1660303,-0.004893964110929905
2022-09-26,60100,61000,59200,59700,1983320,-0.021311475409836023
2022-09-27,59500,60300,57800,59300,1807942,-0.00670016750418756
2022-09-28,58600,58800,56100,56900,2387527,-0.0404721753794266
2022-09-29,57700,59000,55800,55900,2212133,-0.017574692442882234
2022-09-30,55200,58000,55000,57100,1882206,0.02146690518783534
2022-10-04,57700,58100,55100,55900,2220578,-0.021015761821365997
2022-10-05,56700,57100,54300,54500,2107661,-0.025044722719141377
2022-10-06,54600,55700,53900,54800,2123384,0.005504587155963359
2022-10-07,54300,54800,50500,50900,4265238,-0.07116788321167888
2022-10-11,49350,50400,48800,50100,2430880,-0.015717092337917515
2022-10-12,49850,50300,49000,49850,2106857,-0.004990019960079861
2022-10-13,49400,49500,47300,47300,2538948,-0.051153460381143434
2022-10-14,49050,51500,49050,51400,3872919,0.08668076109936584
2022-10-17,48000,49150,46500,48350,9711382,-0.05933852140077822
2022-10-18,48900,50200,48400,49400,6284583,0.02171664943123064
2022-10-19,49800,52200,49400,49800,4540597,0.00809716599190291
2022-10-20,49800,49800,47300,47750,4240904,-0.04116465863453811
2022-10-21,47650,49650,47050,48850,3354625,0.023036649214659644
2022-10-24,50000,50600,48300,48450,2848346,-0.008188331627430934
2022-10-25,48800,49550,48550,48800,1910362,0.007223942208462342
2022-10-26,48950,48950,47650,47700,2149830,-0.02254098360655743
2022-10-27,47700,48850,47200,48750,2442155,0.022012578616352307
2022-10-28,48200,49450,47800,48750,1867478,0.0
2022-10-31,49600,50700,48700,50700,3130880,0.040000000000000036
2022-11-01,50400,50800,49650,50700,1653708,0.0
2022-11-02,50100,53100,49700,52300,4937758,0.03155818540433919
2022-11-03,50800,51200,49700,50100,3572826,-0.042065009560229405
2022-11-04,49500,50600,48950,50300,3242294,0.003992015968063978
2022-11-07,50500,50700,49700,49850,2527175,-0.008946322067594381
2022-11-08,50200,51600,50000,51500,4457042,0.033099297893681046
2022-11-09,52000,53800,51700,52100,4005676,0.011650485436893288
2022-11-10,51300,51800,50700,50800,2284351,-0.0249520153550864
2022-11-11,54500,61000,53600,58700,17375821,0.155511811023622
2022-11-14,59300,60200,58000,58500,5392366,-0.0034071550255536653
2022-11-15,58500,58900,57300,58700,2373778,0.0034188034188034067
2022-11-16,59700,59900,57800,58600,2451864,-0.0017035775127768327
2022-11-17,58000,59200,57600,59100,1744238,0.008532423208191142
2022-11-18,58900,59200,57600,57700,1742383,-0.02368866328257191
2022-11-21,57500,58300,56000,56300,1765878,-0.024263431542461023
2022-11-22,55900,56100,54100,54300,1793196,-0.035523978685612745
2022-11-23,56300,57700,55400,55700,2551968,0.025782688766114115
2022-11-24,56200,58000,56000,57400,1816392,0.030520646319569078
2022-11-25,56200,57300,55600,56100,1322780,-0.022648083623693416
2022-11-28,55800,55800,54500,54600,1365592,-0.0267379679144385
2022-11-29,54200,56200,54100,55900,1358761,0.023809523809523725
2022-11-30,55600,56400,55100,56400,1825885,0.008944543828264706
2022-12-01,59200,59600,57700,57900,2895695,0.02659574468085113
2022-12-02,57900,58300,56900,56900,1165966,-0.01727115716753025
2022-12-05,57200,59000,57200,58000,2050445,0.019332161687170446
2022-12-06,57300,57900,56000,56000,1380887,-0.03448275862068961
2022-12-07,55700,56600,55400,55500,1014142,-0.008928571428571397
2022-12-08,55900,56100,54900,55500,1376893,0.0
2022-12-09,56100,58200,56000,58100,2404261,0.04684684684684681
2022-12-12,57700,58700,57000,58100,1402888,0.0
2022-12-13,59000,59700,57700,58200,1532110,0.001721170395869276
2022-12-14,58800,59500,58300,58700,1550967,0.00859106529209619
2022-12-15,57900,58000,55300,55300,3034680,-0.05792163543441231
2022-12-16,53500,54900,53100,54400,2477820,-0.016274864376130238
2022-12-19,53900,56400,53900,55800,1364858,0.025735294117646967
2022-12-20,55300,55700,53900,54300,1390754,-0.026881720430107503
2022-12-21,54900,55200,53700,54200,980179,-0.0018416206261510082
2022-12-22,55000,55700,54100,55100,1228266,0.016605166051660625
2022-12-23,54000,54300,53100,53400,1339673,-0.030852994555353952
2022-12-26,53400,53800,52700,53600,988777,0.0037453183520599342
2022-12-27,53900,54700,53600,54400,1226474,0.014925373134328401
2022-12-28,53900,54700,52900,53600,1268005,-0.014705882352941124
2022-12-29,53500,55300,52900,53100,1319611,-0.009328358208955279
2023-01-02,53600,53800,52400,52700,887667,-0.007532956685499026
2023-01-03,52400,53500,51400,53300,1420569,0.011385199240986799
2023-01-04,53200,56000,53100,55700,2241411,0.045028142589118136
2023-01-05,55800,58200,55700,57700,3046064,0.03590664272890476
2023-01-06,57200,58000,56500,57200,1420345,-0.008665511265164683
2023-01-09,58700,61200,58300,61100,3482961,0.06818181818181812
2023-01-10,60700,61700,60400,60700,2178323,-0.006546644844517169
2023-01-11,61700,62500,60800,61900,2544430,0.01976935749588149
2023-01-12,63000,63400,61100,61500,2197974,-0.00646203554119551
2023-01-13,62100,63000,61500,62000,2248562,0.008130081300812941
2023-01-16,62300,65000,62000,64500,2989321,0.040322580645161255
2023-01-17,64500,64500,61400,61800,3194397,-0.041860465116279055
2023-01-18,61500,62500,61100,61600,1650067,-0.003236245954692518
2023-01-19,61100,61400,60200,60800,1687361,-0.012987012987012991
2023-01-20,60500,61900,60500,61200,1376217,0.006578947368421018
2023-01-25,62500,63800,62100,62600,2018473,0.02287581699346397
2023-01-26,62800,63700,61700,63700,1658008,0.01757188498402562
2023-01-27,64000,65500,63400,64700,2588030,0.01569858712715866
2023-01-30,64800,65400,63200,63500,1888795,-0.018547140649149974
2023-01-31,62700,63500,61200,61400,2394547,-0.03307086614173227
2023-02-01,62000,62900,61400,62200,1582425,0.013029315960912058
2023-02-02,64400,65200,63700,64500,2936610,0.036977491961414755
2023-02-03,64900,67500,64500,67200,5019685,0.041860465116279055
2023-02-06,66500,67100,65200,65200,2276799,-0.029761904761904767
2023-02-07,65300,68800,64900,68000,3026310,0.042944785276073594
2023-02-08,68500,69900,68200,69100,3109216,0.016176470588235237
2023-02-09,67900,71300,67100,70900,3602387,0.026049204052098318
2023-02-10,69200,70200,66300,67600,5370780,-0.046544428772919644
2023-02-13,66700,66800,64200,64300,4298565,-0.04881656804733725
2023-02-14,65400,66400,64800,65000,2249182,0.010886469673405896
2023-02-15,64600,64700,62600,63600,2984239,-0.021538461538461506
2023-02-16,64400,65200,63500,64200,2542941,0.009433962264151052
2023-02-17,63000,64400,62400,63300,1584836,-0.014018691588784993
2023-02-20,63400,64500,62800,64200,1424392,0.014218009478673022
2023-02-21,64500,64700,63000,63100,1644407,-0.01713395638629278
2023-02-22,61900,63000,61500,62200,1904538,-0.014263074484944571
2023-02-23,62600,63200,62200,62500,1217488,0.004823151125401992
2023-02-24,62500,62900,61600,61800,1339514,-0.011199999999999988
2023-02-27,61400,62200,61000,61900,1407458,0.0016181229773462036
2023-02-28,62000,63400,61900,62400,1870108,0.008077544426494443
2023-03-02,62200,62400,60800,61200,1842975,-0.019230769230769273
2023-03-03,61600,62200,60900,61000,1250945,-0.0032679738562091387
2023-03-06,61200,63800,61100,63600,2768767,0.042622950819672045
2023-03-07,63000,63100,61400,61500,2322926,-0.03301886792452835
2023-03-08,61200,61200,59000,59100,2935338,-0.039024390243902474
2023-03-09,59700,60600,58900,59000,1949722,-0.0016920473773265332
2023-03-10,57900,58400,57500,58100,2009728,-0.015254237288135575
2023-03-13,60300,62400,58800,60800,5720123,0.04647160068846823
2023-03-14,60600,61100,59200,59400,2192551,-0.023026315789473673
2023-03-15,60600,60800,58800,59300,1885060,-0.0016835016835017313
2023-03-16,58400,60300,58100,59900,1976894,0.010118043844856706
2023-03-17,60600,61200,59800,60200,1658486,0.005008347245408995
2023-03-20,60200,62000,60200,61000,2051491,0.013289036544850585
2023-03-21,61400,61700,60500,60900,1093952,-0.0016393442622950616
2023-03-22,61700,62900,61300,62700,2243729,0.029556650246305383
2023-03-23,61800,62000,60800,61600,1685484,-0.01754385964912286
2023-03-24,61600,61900,60900,61400,1323550,-0.0032467532467532756
2023-03-27,61500,61800,59800,60700,1490567,-0.01140065146579805
2023-03-28,60600,61000,59900,60700,1326335,0.0
2023-03-29,60800,61400,60100,60400,1144119,-0.0049423393739703725
2023-03-30,60800,60900,59900,60100,1707493,-0.004966887417218513
2023-03-31,60600,61200,60000,61100,1745559,0.016638935108153063
2023-04-03,61400,61600,59900,60200,1683150,-0.014729950900163713
2023-04-04,60200,60800,59800,60700,1380518,0.008305647840531671
2023-04-05,60500,61200,60200,60500,1227329,-0.0032948929159802853
2023-04-06,60100,60100,58500,58600,2659408,-0.031404958677686
2023-04-07,58600,59200,58100,58600,1650319,0.0
2023-04-10,58300,58400,57100,58100,2103339,-0.008532423208191142
2023-04-11,58100,60000,57500,59300,2184527,0.0206540447504302
2023-04-12,59200,59300,58500,58700,1486194,-0.010118043844856706
2023-04-13,58500,59600,58400,59500,1591961,0.013628620102214661
2023-04-14,60100,61000,59400,60500,2464952,0.01680672268907557
2023-04-17,60200,60700,59600,60100,1450046,-0.006611570247933907
2023-04-18,60200,60800,58900,59000,1731564,-0.01830282861896837
2023-04-19,59000,59100,58500,58600,1086274,-0.006779661016949157
2023-04-20,58500,58700,57800,57900,1342600,-0.011945392491467532
2023-04-21,57700,58200,57200,57900,1212125,0.0
2023-04-24,57300,57800,57100,57200,961915,-0.012089810017271163
2023-04-25,57000,57900,55700,56000,1791028,-0.020979020979020935
2023-04-26,55600,57200,55600,56500,1452179,0.008928571428571397
2023-04-27,56200,56300,55300,55800,1311670,-0.012389380530973493
2023-04-28,56400,59100,56300,58100,3124682,0.04121863799283143
2023-05-02,58200,58600,57700,58500,1124552,0.0068846815834766595
2023-05-03,58000,58900,57800,58300,1047114,-0.0034188034188034067
2023-05-04,57200,57500,56000,57200,2288474,-0.018867924528301883
2023-05-08,57500,58200,57100,57700,1821528,0.00874125874125875
2023-05-09,57800,58700,57300,57500,1412568,-0.0034662045060658286
2023-05-10,57100,57300,56300,56500,1364811,-0.017391304347826098
2023-05-11,56400,57100,56000,56000,1190339,-0.008849557522123908
2023-05-12,56200,57200,55600,56600,1236080,0.010714285714285676
2023-05-15,56500,57000,56100,56800,879909,0.0035335689045936647
2023-05-16,56700,57400,56000,56100,922948,-0.01232394366197187
2023-05-17,55900,58800,55600,57700,2035175,0.028520499108734443
2023-05-18,58200,58400,56800,57200,1112295,-0.008665511265164683
2023-05-19,57400,58200,57200,57900,1375866,0.012237762237762295
2023-05-22,57900,58100,57600,57900,985462,0.0
2023-05-23,58100,58200,57600,58000,1015317,0.0017271157167531026
2023-05-24,57500,57600,56700,56800,1258754,-0.020689655172413834
2023-05-25,56600,57000,56300,56700,1177829,-0.0017605633802817433
2023-05-26,56400,57000,56400,56600,709988,-0.0017636684303351524
2023-05-30,57000,57100,56400,56800,1155964,0.0035335689045936647
2023-05-31,56500,56900,56100,56200,1992398,-0.010563380281690127
2023-06-01,56300,56600,56000,56100,1004709,-0.001779359430605032
2023-06-02,56300,57500,56000,57200,1677624,0.019607843137254832
2023-06-05,57600,57900,57000,57100,1035494,-0.0017482517482517723
2023-06-07,57700,58000,57300,57400,1012086,0.005253940455341555
2023-06-08,57000,57000,56300,56500,1734613,-0.015679442508710784
2023-06-09,56800,57200,56300,56400,1732451,-0.001769911504424737
2023-06-12,56900,57200,56400,56600,867990,0.0035460992907800915
2023-06-13,57000,57100,56200,56400,1101921,-0.0035335689045936647
2023-06-14,56400,56600,55300,55700,2051297,-0.012411347517730542
2023-06-15,55700,56100,53700,53900,2719928,-0.032315978456014416
2023-06-16,54300,54600,53400,53600,1745708,-0.005565862708719838
2023-06-19,53400,53400,52000,52500,2131119,-0.020522388059701524
2023-06-20,52400,52900,51500,51700,1767021,-0.015238095238095273
2023-06-21,51700,52000,50300,50500,2027881,-0.023210831721469982
2023-06-22,50200,51100,50100,50300,1336297,-0.003960396039603964
2023-06-23,50200,50500,49550,49700,1755166,-0.011928429423459286
2023-06-26,49000,50300,48600,50000,1872956,0.006036217303822866
2023-06-27,50000,50100,49350,49350,1333727,-0.013000000000000012
2023-06-28,49700,49750,48500,49000,1659730,-0.007092198581560294
2023-06-29,49000,49800,48700,49000,1287518,0.0
2023-06-30,48850,49700,48400,49100,1268925,0.0020408163265306367
2023-07-03,49300,51000,49300,51000,1691513,0.0386965376782078
2023-07-04,50900,51000,49900,49950,1445459,-0.020588235294117685
2023-07-05,49950,50400,48800,48850,2700066,-0.02202202202202197
2023-07-06,48850,51500,48700,50900,3139685,0.041965199590583424
2023-07-07,50600,51200,49750,49850,1974639,-0.02062868369351667
2023-07-10,49850,50300,49450,49850,1068139,0.0
2023-07-11,50100,51000,50000,50700,1212718,0.01705115346038122
2023-07-12,50700,51800,50200,51600,1658795,0.01775147928994092
2023-07-13,52000,52600,51700,51900,1955527,0.005813953488372103
2023-07-14,52300,52800,51600,52800,1900674,0.01734104046242768
2023-07-17,52400,53200,52200,52700,1411212,-0.0018939393939394478
2023-07-18,52700,52700,51400,51800,1486148,-0.017077798861480087
2023-07-19,51800,51800,50100,50400,1674191,-0.027027027027026973
2023-07-20,50100,51100,50100,50500,1150775,0.001984126984126977
2023-07-21,50000,50800,49750,50600,1203404,0.001980198019801982
2023-07-24,50100,50300,49400,49850,1943708,-0.014822134387351804
2023-07-25,49600,49800,48800,48850,1788062,-0.02006018054162484
2023-07-26,48800,48800,46650,47800,3798977,-0.02149437052200609
2023-07-27,47500,50600,47500,50600,2861543,0.05857740585774063
2023-07-28,50200,51400,49600,50600,1539813,0.0
2023-07-31,50900,51800,50000,51300,2204300,0.01383399209486158
2023-08-01,51800,55300,51800,54900,7074120,0.07017543859649122
2023-08-02,55100,55100,52300,53200,2936126,-0.030965391621129323
2023-08-03,52800,53800,52300,53300,2146867,0.001879699248120259
2023-08-04,53800,55000,51000,51800,3173204,-0.02814258911819889
2023-08-07,51700,54000,51200,52700,2755342,0.01737451737451745
2023-08-08,53500,53600,51800,51800,1512333,-0.017077798861480087
2023-08-09,52100,53200,52100,52800,1095062,0.019305019305019266
2023-08-10,52300,53100,51900,52600,1645198,-0.0037878787878787845
2023-08-11,51400,52500,50600,51600,1591602,-0.019011406844106515
2023-08-14,51700,52000,50600,50700,1062345,-0.01744186046511631
2023-08-16,50300,51100,49850,50300,1125125,-0.007889546351084853
2023-08-17,50000,50100,49150,49250,1640558,-0.020874751491053667
2023-08-18,48650,49300,48200,48450,1384622,-0.01624365482233503
2023-08-21,48500,49450,48250,48400,1010367,-0.0010319917440660964
2023-08-22,48550,49400,48400,48650,1131155,0.005165289256198413
2023-08-23,48700,49700,48450,48900,1344907,0.005138746145940454
2023-08-24,49450,50100,48900,49100,1735760,0.004089979550102152
2023-08-25,48000,48550,47600,48100,1330506,-0.020366598778004064
2023-08-28,48550,48650,47800,48000,974367,-0.0020790020790020236
2023-08-29,48000,48700,48000,48600,864728,0.012499999999999956
2023-08-30,49150,49400,48750,49000,888093,0.008230452674897082
2023-08-31,49000,49100,48100,48100,1699582,-0.01836734693877551
2023-09-01,47950,49300,47950,48950,1371351,0.017671517671517645
2023-09-04,48900,49450,48400,49100,1020561,0.003064351378958108
2023-09-05,49100,49350,48850,48900,676829,-0.004073319755600768
2023-09-06,49000,49200,48500,49050,830228,0.0030674846625766694
2023-09-07,48700,49600,48600,48750,925935,-0.006116207951070374
2023-09-08,48650,48750,48000,48250,1116295,-0.01025641025641022
2023-09-11,48250,48350,47900,48250,1017094,0.0
2023-09-12,48200,48750,48150,48400,1383694,0.0031088082901553626
2023-09-13,48100,48150,47300,47800,1898035,-0.012396694214875992
2023-09-14,47850,48300,47450,48300,1687973,0.010460251046025215
2023-09-15,48100,48900,48100,48850,1695681,0.011387163561076497
2023-09-18,48550,49200,48450,48600,876697,-0.0051177072671443335
2023-09-19,48600,48700,47800,47850,991657,-0.015432098765432056
2023-09-20,47850,47950,47050,47100,1245851,-0.01567398119122254
2023-09-21,46800,47150,45600,45650,2463267,-0.030785562632696384
2023-09-22,45100,45650,44800,45050,1395423,-0.013143483023001057
2023-09-25,44900,45250,44650,44800,1141723,-0.005549389567147567
2023-09-26,44650,44800,43400,43750,1875514,-0.0234375
2023-09-27,43150,44200,43150,43950,1134533,0.004571428571428671
2023-10-04,43050,43100,41600,41600,2511805,-0.05346985210466437
2023-10-05,41750,42400,40700,40850,1859309,-0.018028846153846145
2023-10-06,40600,42100,40600,42050,1130815,0.02937576499387995
2023-10-10,42100,42350,41200,41400,1273485,-0.015457788347205681
2023-10-11,41900,43200,41900,42650,1343809,0.030193236714975757
2023-10-12,42700,44000,42600,43650,1373599,0.023446658851113744
2023-10-13,43250,43650,43050,43200,589597,-0.010309278350515427
2023-10-16,43250,43900,42400,43150,941701,-0.0011574074074074403
2023-10-17,43400,44050,42800,42800,1063385,-0.008111239860950192
2023-10-18,42400,42950,41800,41800,1389354,-0.02336448598130836
2023-10-19,41000,41400,40450,40500,1699061,-0.031100478468899517
2023-10-20,39750,40150,38850,39050,2483524,-0.03580246913580243
2023-10-23,38200,38900,37850,37950,2585077,-0.028169014084507005
2023-10-24,38300,39700,37850,39600,2739742,0.04347826086956519
2023-10-25,39600,39650,38850,38950,1422352,-0.016414141414141437
2023-10-26,38250,38500,37400,37650,2073618,-0.033376123234916566
2023-10-27,37650,38050,37300,37750,1323041,0.0026560424966799445
2023-10-30,37650,38400,37600,38000,1290753,0.0066225165562914245
2023-10-31,38250,38950,37450,37800,1791726,-0.0052631578947368585
2023-11-01,38000,38300,37450,37600,1272093,-0.005291005291005346
2023-11-02,38000,38600,37900,38550,1529650,0.025265957446808596
2023-11-03,39250,41550,38900,41300,3675484,0.07133592736705574
2023-11-06,43000,44700,42300,44700,4871031,0.08232445520581111
2023-11-07,44700,44750,42850,43750,2026104,-0.021252796420581643
2023-11-08,44350,45000,43850,43950,1515109,0.004571428571428671
2023-11-09,43450,46500,43450,45600,3198261,0.03754266211604085
2023-11-10,45800,46100,45000,45650,1978790,0.0010964912280702066
2023-11-13,45800,46450,44900,45000,1288632,-0.014238773274917849
2023-11-14,46150,46950,45500,46350,1718239,0.030000000000000027
2023-11-15,47200,48450,46800,48300,2792797,0.04207119741100329
2023-11-16,47400,48250,46850,48200,1565115,-0.0020703933747412417
2023-11-17,48150,48150,47200,47500,1144308,-0.014522821576763434
2023-11-20,47250,48150,47000,47800,929546,0.006315789473684275
2023-11-21,48300,49600,48300,49250,2483017,0.030334728033472702
2023-11-22,48750,51000,48250,50300,2467921,0.02131979695431463
2023-11-23,50400,50600,49600,50300,1394573,0.0
2023-11-24,50400,50900,50000,50500,1011208,0.003976143141153132
2023-11-27,50800,51000,49300,49850,1480318,-0.012871287128712883
2023-11-28,50000,51200,49800,51100,1423510,0.02507522567703102
2023-11-29,50800,51300,50100,50500,1284120,-0.011741682974559686
2023-11-30,50200,50900,50000,50500,1613598,0.0
2023-12-01,50400,50400,49650,49700,1105367,-0.015841584158415856
2023-12-04,49800,51300,49750,50800,1785113,0.02213279678068414
2023-12-05,50700,51200,50200,50800,1142447,0.0
2023-12-06,50700,51100,50200,50500,1039034,-0.0059055118110236116
2023-12-07,50200,50800,50000,50500,723544,0.0
2023-12-08,51400,52000,50700,51700,1481560,0.023762376237623783
2023-12-11,52000,53200,51900,52100,1538081,0.007736943907156624
2023-12-12,52500,52700,51800,51800,966939,-0.0057581573896353655
2023-12-13,51800,52000,50700,50900,886654,-0.01737451737451734
2023-12-14,52400,54900,52300,54300,4990407,0.06679764243614938
2023-12-15,54400,55000,54000,54900,2212939,0.011049723756906049
2023-12-18,55000,55000,53700,53900,1357544,-0.01821493624772308
2023-12-19,53500,54400,53200,53800,933314,-0.0018552875695733162
2023-12-20,54200,54200,53000,53700,1132733,-0.0018587360594795044
2023-12-21,52900,53600,52000,52800,1536311,-0.016759776536312887
2023-12-22,53300,53700,52600,52800,1215421,0.0
2023-12-26,52100,53400,52100,52400,957793,-0.007575757575757569
2023-12-27,52400,53500,52100,53400,940418,0.01908396946564883
2023-12-28,53700,54300,53300,54300,979793,0.016853932584269593
2024-01-02,54300,57900,54000,57900,3726752,0.06629834254143652
2024-01-03,57100,57600,56000,56600,1917854,-0.022452504317789335
2024-01-04,55800,57800,55600,57200,1884358,0.010600706713780994
2024-01-05,57400,57500,55500,55800,1316579,-0.02447552447552448
2024-01-08,55800,58800,55800,57200,2497737,0.02508960573476693
2024-01-09,58500,59200,58300,58700,2166853,0.02622377622377625
2024-01-10,58900,60000,58600,59200,2729859,0.008517887563884052
2024-01-11,60300,61900,59400,60800,4601300,0.027027027027026973
2024-01-12,60900,61200,59100,60400,2014084,-0.006578947368421018
2024-01-15,60500,61800,59800,61100,1737021,0.011589403973509826
2024-01-16,60600,61700,59400,59600,1918777,-0.02454991816693941
2024-01-17,59600,59900,56600,57500,3326071,-0.03523489932885904
2024-01-18,57200,57900,55900,56800,2237185,-0.012173913043478257
2024-01-19,58100,58800,57100,57600,1736180,0.014084507042253502
2024-01-22,58300,58900,55800,56400,1934438,-0.02083333333333337
2024-01-23,56700,58000,56600,57700,1100723,0.023049645390070816
2024-01-24,57500,57500,56300,56700,927568,-0.017331022530329254
2024-01-25,56300,56700,54700,56000,1817363,-0.012345679012345734
2024-01-26,55700,57400,55600,56600,904913,0.010714285714285676
2024-01-29,56600,57200,55200,55300,1329616,-0.02296819787985871
2024-01-30,55900,56000,53600,54300,2011521,-0.018083182640144635
2024-01-31,53700,53900,52200,52500,1794783,-0.03314917127071826
2024-02-01,51900,53100,51500,52700,1422821,0.003809523809523707
2024-02-02,53800,56600,53700,56300,2428683,0.06831119544592035
2024-02-05,57000,57400,54600,55000,1564624,-0.023090586145648295
2024-02-06,54500,55000,53800,54000,982600,-0.018181818181818188
2024-02-07,54400,55700,53600,53800,1256600,-0.0037037037037036535
2024-02-08,54500,54700,53700,54000,1532750,0.0037174721189590088
2024-02-13,54000,55300,54000,54700,957145,0.012962962962963065
2024-02-14,53900,54900,53200,54900,886156,0.003656307129798808
2024-02-15,56800,61400,56700,59200,10199107,0.07832422586520948
2024-02-16,59500,59700,58300,58400,2310632,-0.013513513513513487
2024-02-19,58800,59100,58100,58200,1409033,-0.003424657534246589
2024-02-20,57900,60000,57800,58700,1943466,0.00859106529209619
2024-02-21,58800,58900,58000,58000,844219,-0.011925042589437829
2024-02-22,58600,58900,57700,57900,972001,-0.0017241379310344307
2024-02-23,58100,58200,56600,57100,1330016,-0.013816925734024155
2024-02-26,57500,58000,57000,57100,871467,0.0
2024-02-27,57200,57700,56300,56800,1022628,-0.005253940455341555
2024-02-28,56800,57400,55200,55600,1463434,-0.021126760563380254
2024-02-29,55100,55300,53000,53300,3056344,-0.04136690647482011
2024-03-04,53600,54900,52900,53100,1830422,-0.0037523452157598447
2024-03-05,52600,52900,51600,51700,1737655,-0.026365348399246757
2024-03-06,51400,52300,51400,51900,902578,0.003868471953578423
2024-03-07,52200,53700,52000,52900,1425978,0.019267822736030782
2024-03-08,53600,54200,53000,53200,1466862,0.005671077504725952
2024-03-11,53200,54800,52700,54600,1047193,0.026315789473684292
2024-03-12,55000,56000,54800,55800,1388337,0.0219780219780219
2024-03-13,55900,56000,54100,54600,1088171,-0.021505376344086002
2024-03-14,54600,55800,54600,54900,1792414,0.005494505494505475
2024-03-15,55000,55000,53900,54100,926038,-0.014571948998178486
2024-03-18,54200,54300,52700,53000,1168724,-0.020332717190388205
2024-03-19,52700,52800,51700,52000,1116159,-0.018867924528301883
2024-03-20,52400,53200,52300,52900,869967,0.017307692307692246
2024-03-21,53900,54200,52800,53600,1359646,0.013232514177693666
2024-03-22,53600,54300,53300,53600,881388,0.0
2024-03-25,53400,54500,53100,53800,717693,0.003731343283582156
2024-03-26,54200,55200,53900,54900,1170288,0.020446096654274992
2024-03-27,54200,55200,53900,54800,779339,-0.0018214936247723523
2024-03-28,54800,55700,54400,54400,955506,-0.007299270072992692
2024-03-29,54500,54900,53500,53700,870563,-0.012867647058823484
2024-04-01,54100,54500,53600,53800,775737,0.0018621973929235924
2024-04-02,53200,53200,51000,51200,2856932,-0.048327137546468446
2024-04-03,51200,52000,51000,51000,1332410,-0.00390625
2024-04-04,51200,51500,49100,49300,2658438,-0.033333333333333326
2024-04-05,48400,49100,48200,48750,1559612,-0.011156186612576113
2024-04-08,48850,49750,48300,49150,1006988,0.00820512820512831
2024-04-09,49100,50100,48850,49250,775713,0.0020345879959309254
2024-04-11,48450,48800,47700,48050,2005085,-0.024365482233502544
2024-04-12,48050,48450,47650,47850,946914,-0.004162330905306932
2024-04-15,47100,48000,46850,47750,801117,-0.002089864158829724
2024-04-16,47200,47400,46600,46750,1144123,-0.020942408376963373
2024-04-17,46700,48000,46700,46900,1043806,0.0032085561497325887
2024-04-18,47350,50200,46900,49100,2262675,0.046908315565032055
2024-04-19,48350,49600,47700,48600,1184289,-0.010183299389002087
2024-04-22,49450,49700,48450,49000,641194,0.008230452674897082
2024-04-23,48700,48750,47050,47500,1782455,-0.030612244897959218
2024-04-24,48000,48400,47850,48100,725443,0.012631578947368327
2024-04-25,47500,47900,47100,47400,847788,-0.014553014553014498
2024-04-26,47850,47900,47150,47300,656101,-0.002109704641350185
2024-04-29,47650,48600,47600,48500,950410,0.025369978858351017
2024-04-30,48350,48850,48300,48600,1015126,0.0020618556701030855
2024-05-02,48150,48550,48050,48300,889047,-0.006172839506172867
2024-05-03,49000,50300,49000,49200,1373246,0.01863354037267073
2024-05-07,49900,50500,49400,49700,1465976,0.010162601626016343
2024-05-08,49750,50100,49350,49800,737154,0.002012072434607548
2024-05-09,50200,50600,48400,48600,2000421,-0.02409638554216864
2024-05-10,49000,49050,47650,47800,1407165,-0.016460905349794275
2024-05-13,47700,47750,47000,47000,995194,-0.01673640167364021
2024-05-14,47200,47400,46650,46650,1185101,-0.007446808510638281
2024-05-16,47050,47700,46750,46800,1445556,0.003215434083601254
2024-05-17,46600,47100,46400,46450,923404,-0.007478632478632452
2024-05-20,46800,46800,46000,46050,947656,-0.008611410118406937
2024-05-21,45650,46250,45350,45950,1159453,-0.0021715526601520097
2024-05-22,45800,46200,45500,45800,1200115,-0.0032644178454842576
2024-05-23,45800,45950,45250,45450,894733,-0.007641921397379958
2024-05-24,45050,45250,44400,44450,1280352,-0.022002200220021972
2024-05-27,44600,46600,44550,45850,1500538,0.03149606299212593
2024-05-28,46000,46050,45100,45100,734989,-0.016357688113413316
2024-05-29,44650,44950,43700,43750,1439203,-0.029933481152993324
2024-05-30,43300,44050,43100,43650,798465,-0.0022857142857143353
2024-05-31,44050,44350,43000,43300,2172503,-0.008018327605956443
2024-06-03,43350,45150,43300,44300,904573,0.023094688221708903
2024-06-04,43900,44950,43850,44600,710096,0.006772009029345272
2024-06-05,44900,44950,44150,44550,652883,-0.0011210762331838042
2024-06-07,44600,45150,44150,44250,922538,-0.006734006734006703
2024-06-10,43700,43800,42950,43100,913040,-0.025988700564971712
2024-06-11,43350,43850,43000,43150,707905,0.0011600928074246841
2024-06-12,43150,43600,42750,43050,1047526,-0.002317497103128674
2024-06-13,43350,44100,43150,43650,2477617,0.013937282229965264
2024-06-14,43250,44200,43050,43900,1154685,0.00572737686139746
2024-06-17,43500,43750,42150,42400,1321022,-0.034168564920273314
2024-06-18,42500,43000,42200,42300,871491,-0.002358490566037763
2024-06-19,42500,42800,41800,42800,1430015,0.011820330969267046
2024-06-20,42550,42800,42200,42400,783732,-0.009345794392523366
2024-06-21,42450,43150,42400,43150,2111727,0.017688679245283057
2024-06-24,42800,42950,42050,42050,891039,-0.02549246813441486
2024-06-25,42250,42300,41000,41000,1607274,-0.024970273483947647
2024-06-26,40650,42100,40500,41600,1244850,0.014634146341463428
2024-06-27,41100,41300,40400,40400,1203554,-0.028846153846153855
2024-06-28,40650,41250,40350,40650,936191,0.006188118811881083
2024-07-01,40300,41150,40250,41000,714241,0.008610086100861114
2024-07-02,40600,40800,39950,40000,1130668,-0.024390243902439046
2024-07-03,40100,41000,40000,40100,1173859,0.0024999999999999467
2024-07-04,40100,40650,40000,40300,861325,0.004987531172069737
2024-07-05,40300,41800,40100,41500,1530900,0.02977667493796532
2024-07-08,41500,43100,41200,42400,1595728,0.02168674698795181
2024-07-09,42350,43150,42000,42450,1123272,0.001179245283018826
2024-07-10,42000,42900,41600,42750,1285909,0.007067137809187329
2024-07-11,43150,43250,42100,42350,1381961,-0.009356725146198785
2024-07-12,42350,44000,41950,42250,1870201,-0.0023612750885477762
2024-07-15,42550,42900,41900,41900,1108465,-0.008284023668639007
2024-07-16,41950,42150,40800,40900,1196676,-0.023866348448687402
2024-07-17,40950,41450,40550,41200,1538706,0.007334963325183352
2024-07-18,40800,41150,40300,41150,936043,-0.0012135922330097637
2024-07-19,40900,42100,40650,41350,1145416,0.004860267314702238
2024-07-22,41350,41600,40850,41050,880598,-0.00725513905683195
2024-07-23,40500,41450,38700,38850,4258210,-0.0535931790499391
2024-07-24,38500,40650,38100,39550,2560151,0.018018018018018056
2024-07-25,39350,40700,39050,40550,1532071,0.025284450063211228
2024-07-26,40550,40600,39800,39800,950430,-0.018495684340320562
2024-07-29,39850,40150,39500,39950,655444,0.0037688442211054607
2024-07-30,39600,40150,38950,39050,1029339,-0.02252816020025028
2024-07-31,39250,39400,38750,39200,1137172,0.003841229193341844
2024-08-01,39350,40150,39300,39800,877795,0.015306122448979664
2024-08-02,39500,40150,39250,39550,1041566,-0.006281407035175879
2024-08-05,39550,39600,35350,36300,2685140,-0.08217446270543616
2024-08-06,36750,39000,36750,38000,1744154,0.04683195592286493
2024-08-07,37300,38750,37300,38300,1361364,0.007894736842105177
2024-08-08,38950,39100,37500,38450,1878038,0.003916449086161844
2024-08-09,38900,39100,36600,37000,3189269,-0.03771131339401823
2024-08-12,37100,37700,36800,37100,1342896,0.002702702702702675
2024-08-13,36950,37100,36200,36400,1205169,-0.018867924528301883
2024-08-14,36650,36900,36300,36800,1074501,0.01098901098901095
2024-08-16,37300,37350,36550,36550,1170171,-0.006793478260869512
2024-08-19,36650,37400,36350,36650,1211287,0.002735978112175186
2024-08-20,36900,37000,36400,36500,950218,-0.004092769440654842
2024-08-21,36500,36800,36400,36600,669506,0.00273972602739736
2024-08-22,36900,37700,36750,37550,1653724,0.025956284153005438
2024-08-23,37450,37800,37100,37450,872362,-0.0026631158455392434
2024-08-26,37550,38900,37150,38700,1753855,0.03337783711615483
2024-08-27,38650,38900,38000,38000,1148870,-0.018087855297157618
2024-08-28,38000,38150,37000,37150,1183525,-0.022368421052631593
2024-08-29,37000,37400,36750,37000,820801,-0.004037685060565233
2024-08-30,37250,37750,37150,37200,1353912,0.00540540540540535
2024-09-02,37350,37350,36750,36900,734047,-0.008064516129032251
2024-09-03,36900,37400,36200,36200,1238880,-0.01897018970189701
2024-09-04,35400,35500,33950,34150,3028343,-0.056629834254143696
2024-09-05,34250,35150,34250,34450,1313025,0.008784773060029227
2024-09-06,34450,34700,33850,34000,1105965,-0.013062409288824406
2024-09-09,33050,34100,32900,34000,962302,0.0
2024-09-10,34250,34500,33800,34050,1017498,0.0014705882352941124
2024-09-11,34100,35100,34100,34450,975995,0.011747430249632984
2024-09-12,34800,35400,34400,35350,2063865,0.026124818577648812
2024-09-13,35400,35800,35250,35600,712365,0.007072135785006983
2024-09-19,36400,36450,34900,35300,973775,-0.008426966292134797
2024-09-20,35650,36300,34900,34900,1194728,-0.011331444759206777
2024-09-23,35000,35600,34800,35500,788030,0.017191977077363862
2024-09-24,35500,36100,35200,36100,864475,0.016901408450704203
2024-09-25,36450,36700,35800,35850,957615,-0.006925207756232732
2024-09-26,35950,36750,35900,36750,956351,0.025104602510460206
2024-09-27,36750,36900,36250,36650,764657,-0.0027210884353741083
2024-09-30,37050,37550,36150,36150,1575319,-0.013642564802182844
2024-10-02,35700,36550,35500,36000,1085080,-0.004149377593360981
2024-10-04,36000,37050,35950,36700,1058670,0.019444444444444375
2024-10-07,36700,37100,36150,36750,1092340,0.0013623978201635634
2024-10-08,36550,37100,36350,37000,1017162,0.006802721088435382
2024-10-10,37100,37550,36900,37350,1900499,0.009459459459459474
2024-10-11,37350,37500,36900,37400,866028,0.0013386880856760541
2024-10-14,37400,37500,36250,36500,1085483,-0.024064171122994638
2024-10-15,36550,37650,36550,37650,1486111,0.03150684931506853
2024-10-16,37250,37800,37100,37600,1084146,-0.0013280212483399723
2024-10-17,37550,37800,37300,37350,774171,-0.0066489361702127825
2024-10-18,37400,38700,37400,38500,1975410,0.0307898259705488
2024-10-21,38750,39800,38600,39400,1774111,0.023376623376623273
2024-10-22,39300,39350,37300,37350,1787402,-0.05203045685279184
2024-10-23,37750,38000,37050,37700,811188,0.009370816599732157
2024-10-24,37500,37650,37050,37450,637040,-0.006631299734747964
2024-10-25,37450,37700,36100,36500,852346,-0.025367156208277675
2024-10-28,36450,37450,36250,37450,686130,0.026027397260274032
2024-10-29,37250,37800,37050,37350,450611,-0.002670226969292422
2024-10-30,37350,38050,37150,37350,847115,0.0
2024-10-31,37150,37700,36450,36950,1258900,-0.010709504685408322
2024-11-01,36550,36800,36150,36150,689940,-0.021650879566982417
2024-11-04,36250,37450,36250,37350,873319,0.03319502074688807
2024-11-05,36950,37950,36800,37750,740056,0.010709504685408211
2024-11-06,37750,37750,36250,36550,981949,-0.03178807947019868
2024-11-07,36550,36900,36100,36550,745736,0.0
2024-11-08,36950,37250,34800,35000,2225394,-0.04240766073871405
2024-11-11,35050,35100,33700,33700,1507751,-0.037142857142857144
2024-11-12,33400,34300,33200,33250,1444893,-0.013353115727002929
2024-11-13,33000,33500,32850,33400,1190150,0.004511278195488799
2024-11-14,33400,34350,32550,32800,1837035,-0.017964071856287456
2024-11-15,33100,34550,32950,34050,1328815,0.038109756097560954
2024-11-18,33800,35200,33800,35100,1298626,0.03083700440528636
2024-11-19,34800,36250,34800,36250,1485633,0.03276353276353272
2024-11-20,35950,36000,35250,35500,1012884,-0.020689655172413834
2024-11-21,34850,35850,34850,35150,1106598,-0.009859154929577452
2024-11-22,35200,36450,35150,36050,1095476,0.02560455192034139
2024-11-25,36400,36450,35850,36150,1189187,0.00277392510402219
2024-11-26,35850,37100,35850,37000,1228125,0.023513139695712226
2024-11-27,37100,38400,37000,38350,2268347,0.03648648648648645
2024-11-28,38500,38700,37750,38200,1210453,-0.003911342894393766
2024-11-29,38150,40900,38000,40100,5364138,0.04973821989528804
2024-12-02,40550,42500,40150,42150,5583827,0.05112219451371569
2024-12-03,42450,43000,42050,42950,3152958,0.018979833926453082
2024-12-04,42200,47100,41600,46600,13795722,0.08498253783469156
2024-12-05,45700,46150,43600,44100,5207632,-0.05364806866952787
2024-12-06,44400,45650,42850,44500,6696783,0.009070294784580435
2024-12-09,43050,45100,42050,42300,4184554,-0.04943820224719098
2024-12-10,43000,44000,42950,43850,2629946,0.03664302600472813
2024-12-11,44250,45300,43900,44600,2218036,0.01710376282782211
2024-12-12,45000,45250,42500,43700,3811891,-0.020179372197309364
2024-12-13,43700,46450,43400,45900,4615083,0.05034324942791768
2024-12-16,47000,47050,43550,43950,4206177,-0.042483660130718914
2024-12-17,43650,44250,42700,42850,2019873,-0.025028441410693936
2024-12-18,43000,43750,42800,43400,1516552,0.012835472578763163
2024-12-19,42050,42700,40850,41200,2407758,-0.05069124423963134
2024-12-20,40800,41500,40350,40800,1973168,-0.009708737864077666
2024-12-23,41000,41000,39200,39700,2132239,-0.026960784313725505
2024-12-24,39750,40150,39500,39500,1110417,-0.005037783375314908
2024-12-26,39650,39850,38400,38550,1921654,-0.024050632911392422
2024-12-27,38550,39400,38350,38850,1236769,0.0077821011673151474
2024-12-30,38800,39150,38100,38200,1110508,-0.016731016731016735
2025-01-02,38500,38600,37000,37450,1391090,-0.01963350785340312
2025-01-03,37450,39250,37450,38050,1971546,0.01602136181575431
2025-01-06,37800,39250,37800,39150,1459048,0.028909329829172048
2025-01-07,39400,39900,38550,38650,1438838,-0.012771392081736943
2025-01-08,38300,39000,37200,37400,2887696,-0.03234152652005173
2025-01-09,37450,37850,37200,37200,2219066,-0.005347593582887722
2025-01-10,37200,37400,36400,36550,2240282,-0.017473118279569877
2025-01-13,36200,36900,36200,36500,1170255,-0.001367989056087593
2025-01-14,36650,36950,36350,36850,1087274,0.009589041095890316
2025-01-15,36950,38150,36500,37000,2186274,0.004070556309362372
2025-01-16,37400,37850,36700,36900,1271977,-0.002702702702702675
2025-01-17,36950,36950,36400,36400,1135029,-0.013550135501354976
2025-01-20,36400,36700,35800,36450,1356111,0.0013736263736263687
2025-01-21,36450,37000,36150,36450,1166887,0.0
2025-01-22,36800,37050,36150,36300,1154547,-0.004115226337448541
2025-01-23,36450,36500,35750,35750,1220022,-0.015151515151515138
2025-01-24,35900,36350,35700,35750,1076274,0.0
2025-01-31,36100,39000,36100,38350,6846406,0.07272727272727275
2025-02-03,38350,42450,37750,41800,14720792,0.08996088657105616
2025-02-04,42600,43150,40200,40900,12331280,-0.021531100478468845
2025-02-05,41300,43550,41000,43200,10732661,0.05623471882640585
2025-02-06,44000,45500,43500,45300,9121099,0.04861111111111116
2025-02-07,45200,45250,43550,44500,5102434,-0.017660044150110354
2025-02-10,44500,46000,42300,42500,6162748,-0.0449438202247191
2025-02-11,43200,43450,42250,42850,3387582,0.008235294117647118
2025-02-12,42750,42750,41400,42000,2941517,-0.019836639439906656
2025-02-13,42350,43100,39700,40200,8123275,-0.042857142857142816
2025-02-14,40550,40600,38400,38750,6091721,-0.03606965174129351
2025-02-17,39100,39350,38800,39050,3131805,0.007741935483871032
2025-02-18,38950,39350,38600,38950,2601628,-0.002560819462227859
2025-02-19,39150,39650,38850,39300,2977884,0.00898587933247752
2025-02-20,39600,40750,39550,39750,4599415,0.011450381679389388
2025-02-21,40000,40250,39600,39900,2460853,0.0037735849056603765
2025-02-24,39650,40000,39200,39550,1834667,-0.00877192982456143
2025-02-25,39200,39800,39100,39750,1505555,0.005056890012642201
2025-02-26,40150,42400,40050,42100,7598359,0.0591194968553459
2025-02-27,42900,44450,42800,44450,10185706,0.05581947743467941
2025-02-28,43700,44700,42650,43150,6591090,-0.02924634420697414
2025-03-04,43000,43450,41350,41900,3387888,-0.028968713789107814
2025-03-05,42550,43500,42450,43100,2525062,0.02863961813842475
2025-03-06,43500,45400,42550,45100,6180767,0.04640371229698381
2025-03-07,44450,44825,43450,43750,3099161,-0.029933481152993324
2025-03-10,43500,45950,43150,45400,4010592,0.03771428571428581
2025-03-11,43900,44700,43550,44100,2486551,-0.028634361233480177
2025-03-12,44250,44650,43450,44100,1976354,0.0
2025-03-13,44150,44750,42350,43150,3269454,-0.02154195011337867
2025-03-14,43100,44050,43100,43450,1733603,0.006952491309385911
2025-03-17,43500,43850,42300,43500,1693348,0.0011507479861909697
2025-03-18,43700,45050,43500,44000,2475410,0.011494252873563315
2025-03-19,44000,44375,43100,43300,1642570,-0.015909090909090873
2025-03-20,43500,43950,42650,42650,1761461,-0.01501154734411081
2025-03-21,42650,43600,41900,43600,1900729,0.022274325908558046
2025-03-24,43350,43500,41550,41900,1792693,-0.03899082568807344
2025-03-25,42100,42400,41750,42200,827099,0.007159904534606243
2025-03-26,42350,43050,41400,42900,1180900,0.016587677725118377
2025-03-27,42300,42350,41200,41600,1360153,-0.030303030303030276
2025-03-28,41600,41650,40500,41150,728635,-0.01081730769230771
2025-03-31,40250,40700,39100,39100,1711143,-0.049817739975698716
2025-04-01,39600,42450,39600,42200,2570592,0.07928388746803061
